Ch1 Amplitude,Ch2 Amplitude,Cluster
2928.402,2322.44946,1
2934.4436,2366.25879,1
